text,label
The World Health Organization reports that a sustainable material has been thoroughly tested.,0
Study published in The New England Journal of Medicine reveals diet affects longevity about artificial intelligence.,0
Clinical trials show the novel treatment approach is reliable for chronic diseases.,0
EXPOSED: Banks is actually hidden by the government for decades. Shocking new evidence reveals everything.,1
MIRACLE: Chemicals cures autism in 24 hours! This has been hidden by big pharma for years!,1
DISCOVERED: Big Pharma is kept secret by scientists. This is scientifically proven!,1
EXPOSED: Scientists is actually hidden from the public. Shocking new evidence reveals everything.,1
Study published in PLOS ONE reveals meditation reduces anxiety about ecology.,0
REVEALED: Government admits chemtrails are real. The implications are enormous!,1
WARNING: Banks causes personality changes! This ancient remedy prevents all problems!,1
MIRACLE: Oil Companies cures heart disease in 24 hours! This has been hidden by big pharma for years!,1
DISCOVERED: Government is kept secret by scientists. This is scientifically proven!,1
Scientists at University of California have an innovative medical device that could provide better solutions.,0
SHOCKING: Big Pharma finally admits concealed by authorities. Everything you've been told is a lie!,1
The American Medical Association confirms the benefits of renewable energy based on scientific data.,0
ALERT: Doctors causes cancer! Big pharma doesn't want you to know this!,1
Scientists discover an effective treatment method during field studies.,0
Scientists discover a new understanding of climate patterns during observational studies.,0
CONFIRMED: Big Pharma responsible for economic crashes. Witnesses have been silenced!,1
URGENT: The Media linked to concealed by authorities. This is dangerous to your health!,1
New study indicates social connections reduce stress related to technological advancement.,0
Scientists at Oxford University have a new understanding of climate patterns that could reduce environmental impact.,0
EXPOSED: Scientists is actually kept secret by scientists. Shocking new evidence reveals everything.,1
CONFIRMED: Chemicals responsible for global warming. Documents have been classified!,1
The World Meteorological Organization confirms the value of scientific research based on empirical observations.,0
URGENT: Big Pharma linked to concealed by authorities. Protect yourself and your family!,1
SHOCKING: Vaccines finally admits hidden from the public. Everything you've been told is a lie!,1
Study published in PNAS reveals learning new skills maintains brain health about human health.,0
EXPOSED: Banks is actually kept secret by scientists. Shocking new evidence reveals everything.,1
New study indicates learning new skills maintains brain health related to human behavior.,0
URGENT: Vaccines linked to concealed by authorities. This is dangerous to your health!,1
WARNING: 5G Networks causes genetic mutations! Stop using this immediately!,1
Scientists at Oxford University have an effective treatment method that could reduce environmental impact.,0
BREAKING: Doctors discovered to predict the future! hidden from the public,1
The American Medical Association announces a new vaccine in space exploration.,0
DISCOVERED: 5G Networks is suppressed by big corporations. Thousands of witnesses confirm this!,1
New study indicates social connections reduce stress related to human behavior.,0
Study published in PNAS reveals meditation reduces anxiety about ecology.,0
MIRACLE: Government cures Alzheimer's in 24 hours! This has been hidden by big pharma for years!,1
ALERT: Doctors causes Alzheimer's! This ancient remedy works instantly!,1
WARNING: Government causes autism! Switch to natural alternatives!,1
CONFIRMED: Government responsible for pandemics. This is the biggest coverup in history!,1
BREAKING: Vaccines discovered to time travel! covered up by mainstream media,1
Study published in Science reveals learning new skills maintains brain health about human health.,0
DISCOVERED: Chemicals is hidden from the public. Documents prove everything!,1
SHOCKING: NASA finally admits hidden by the government for decades. Everything you've been told is a lie!,1
The World Health Organization announces a breakthrough technology in public health.,0
CONFIRMED: The Media responsible for technological failures. Witnesses have been silenced!,1
New research shows that meditation reduces anxiety may help enhance cognitive function.,0
SHOCKING: Government finally admits covered up by mainstream media. Everything you've been told is a lie!,1
CONFIRMED: Food Industry responsible for social unrest. This is the biggest coverup in history!,1
CONFIRMED: The Media responsible for social unrest. The evidence has been destroyed!,1
DISCOVERED: Banks is hidden from the public. This is scientifically proven!,1
REVEALED: Scientists admits vaccines cause autism. This is absolutely shocking!,1
BREAKING: Tech Companies discovered to read thoughts! concealed by authorities,1
Scientists discover a breakthrough in renewable energy during clinical trials.,0
URGENT: Doctors linked to kept secret by scientists. Protect yourself and your family!,1
The Centers for Disease Control announces a new vaccine in materials science.,0
URGENT: The Media linked to hidden from the public. This is dangerous to your health!,1
Study published in PLOS ONE reveals social connections reduce stress about genetics.,0
Study published in The New England Journal of Medicine reveals sleep quality impacts productivity about human health.,0
The European Space Agency announces an improved methodology in genetics.,0
Clinical trials show the experimental therapy is promising for chronic diseases.,0
EXPOSED: 5G Networks is actually kept secret by scientists. Shocking new evidence reveals everything.,1
Study published in The Lancet reveals regular exercise improves mental health about climate change.,0
Scientists at Yale University have a new understanding of climate patterns that could advance medical treatments.,0
BREAKING: The Media discovered to predict the future! suppressed by big corporations,1
Scientists discover an advanced algorithm during laboratory experiments.,0
The International Space Station confirms the effectiveness of vaccines based on peer-reviewed studies.,0
Scientists discover a sustainable material during laboratory experiments.,0
Study published in JAMA reveals diet affects longevity about neuroscience.,0
URGENT: NASA linked to concealed by authorities. This is dangerous to your health!,1
Clinical trials show the novel treatment approach is well-tolerated for infectious diseases.,0
MIRACLE: Tech Companies cures cancer in 24 hours! This has been hidden by big pharma for years!,1
New research shows that social connections reduce stress may help prevent chronic diseases.,0
Study published in Nature reveals diet affects longevity about renewable energy.,0
The United Nations confirms the benefits of renewable energy based on empirical observations.,0
MIRACLE: Tech Companies cures obesity in 24 hours! This has been hidden by big pharma for years!,1
Clinical trials show the experimental therapy is well-tolerated for mental health disorders.,0
Study published in The Lancet reveals regular exercise improves mental health about ecology.,0
The National Science Foundation announces a breakthrough technology in artificial intelligence.,0
The International Space Station reports that an effective treatment method has been scientifically validated.,0
URGENT: Government linked to concealed by authorities. This is dangerous to your health!,1
ALERT: Big Pharma causes heart disease! This ancient remedy works instantly!,1
CONFIRMED: NASA responsible for technological failures. Witnesses have been silenced!,1
New research shows that learning new skills maintains brain health may help promote overall wellness.,0
REVEALED: Banks admits the moon landing was fake. The implications are enormous!,1
BREAKING: Food Industry discovered to teleport objects! hidden by the government for decades,1
CONFIRMED: Big Pharma responsible for social unrest. The truth is being suppressed!,1
Scientists discover a breakthrough in renewable energy during laboratory experiments.,0
Scientists discover a novel approach to data analysis during field studies.,0
Scientists discover a breakthrough in renewable energy during cross-sectional analysis.,0
New study indicates learning new skills maintains brain health related to human behavior.,0
Scientists discover a novel approach to data analysis during cross-sectional analysis.,0
BREAKING: Tech Companies discovered to predict the future! concealed by authorities,1
The United Nations reports that a sustainable material has been successfully implemented.,0
The National Institutes of Health reports that a breakthrough in renewable energy has been successfully implemented.,0
DISCOVERED: The Media is kept secret by scientists. This is scientifically proven!,1
The United Nations reports that an advanced algorithm has been widely accepted.,0
Scientists at University of California have an advanced algorithm that could advance medical treatments.,0
